<?xml version="1.0" encoding="UTF-8"?>
<project-private xmlns="http://www.netbeans.org/ns/project-private/1">
    <editor-bookmarks xmlns="http://www.netbeans.org/ns/editor-bookmarks/2" lastBookmarkId="0"/>
    <open-files xmlns="http://www.netbeans.org/ns/projectui-open-files/2">
        <group>
            <file>file:/F:/Copied2/FL/Java%20Console/Chat%20App%20Multi%20Client%20Server/ChatSystem/src/client/Client.java</file>
            <file>file:/F:/Copied2/FL/Java%20Console/Chat%20App%20Multi%20Client%20Server/ChatSystem/src/receiver/Server.java</file>
        </group>
    </open-files>
</project-private>
